{"PlayerPosition":{"x":73.5771255493164,"y":65.65129089355469},"CurrentScene":"Gameplay","Missions":[{"instanceID":29438}]}